{"theta_med": [5372.01611328125, 4.066964149475098, -0.24608156085014343], "theta_std": [902.8016357421875, 0.8892691731452942, 0.3739211857318878]}